[
  {
    "id": 1759203836270,
    "sectionId": "1759203807030",
    "section": "jddhh",
    "title": "Anatomical_Planes_Directions",
    "description": "ad",
    "filename": "ØªÙØ³ÙÙ Ø§ÙÙØ¨ÙÙ Ø¨Ø§ÙÙÙÙØ§Øª ÙØ§ÙÙØ¹Ø§ÙØ¯.pdfØ´.pdf",
    "savedFilename": "1759203836263-592209768.pdf",
    "path": "/uploads/1759203836263-592209768.pdf",
    "size": "0.11 MB",
    "pages": 0,
    "views": 0,
    "uploadDate": "٢٩‏/٩‏/٢٠٢٥"
  },
  {
    "id": 1759204337683,
    "sectionId": "1759204275559",
    "section": "تالت",
    "title": "Lectures 1، 2-  Introduction to Human Anatomy (1) (1) (1)",
    "description": "رلاؤ",
    "filename": "Lectures 1Ø 2-  Introduction to Human Anatomy (1) (1) (1).pdf",
    "savedFilename": "1759204337577-969779722.pdf",
    "path": "/uploads/1759204337577-969779722.pdf",
    "size": "3.48 MB",
    "pages": 0,
    "views": 0,
    "uploadDate": "٢٩‏/٩‏/٢٠٢٥"
  },
  {
    "id": 1759279363329,
    "sectionId": "1759279254764",
    "section": "التشريح",
    "title": "Lectures 1، 2-  Introduction to Human Anatomy محرم.",
    "description": "التشريح",
    "filename": "Lectures 1Ø 2-  Introduction to Human Anatomy ÙØ­Ø±Ù. .pdf",
    "savedFilename": "1759279363291-680747945.pdf",
    "path": "/uploads/1759279363291-680747945.pdf",
    "size": "3.50 MB",
    "pages": 0,
    "views": 2,
    "uploadDate": "٣٠‏/٩‏/٢٠٢٥"
  }
]